"The Day Ahead Auction prices for the following bidding zones is published without any change under the CC BY 4.0 (creativecommons.org/licenses/by/4.0) license with the source Bundesnetzagentur | SMARD.de: AT, BE, CH, CZ, DE-LU, DE-AT-LU, DK1, DK2, FR, HU, IT-NORTH, NL, NO2, PL, SE4, SI"
Date (GMT+2),Nuclear,Non-Renewable,Renewable,Day Ahead Auction (SI)
,Power (MW),Power (MW),Power (MW),"Price (EUR/MWh, EUR/tCO2)"
2026-10-01T00:00+02:00,683.528,99.96728,127.86379999999998,204.88
2026-10-01T00:15+02:00,683.528,99.96728,127.86379999999998,193.99
2026-10-01T00:30+02:00,683.528,99.96728,127.86379999999998,179.75
2026-10-01T00:45+02:00,683.528,99.96728,127.86379999999998,174.72
2026-10-01T01:00+02:00,684.608,100.03442000000001,81.32750000000001,178.86
2026-10-01T01:15+02:00,684.608,100.03442000000001,81.32750000000001,177.64
2026-10-01T01:30+02:00,684.608,100.03442000000001,81.32750000000001,181.81
2026-10-01T01:45+02:00,684.608,100.03442000000001,81.32750000000001,179.4
2026-10-01T02:00+02:00,684.308,99.9044,83.71476,183.05
2026-10-01T02:15+02:00,684.308,99.9044,83.71476,181.75
2026-10-01T02:30+02:00,684.308,99.9044,83.71476,174.91
2026-10-01T02:45+02:00,684.308,99.9044,83.71476,171.81
2026-10-01T03:00+02:00,684.528,99.8473,73.4797,173.85
2026-10-01T03:15+02:00,684.528,99.8473,73.4797,174.26
2026-10-01T03:30+02:00,684.528,99.8473,73.4797,175.99
2026-10-01T03:45+02:00,684.528,99.8473,73.4797,175.28
2026-10-01T04:00+02:00,684.112,99.90168,73.82751999999999,172.95
2026-10-01T04:15+02:00,684.112,99.90168,73.82751999999999,174.9
2026-10-01T04:30+02:00,684.112,99.90168,73.82751999999999,174.2
2026-10-01T04:45+02:00,684.112,99.90168,73.82751999999999,178.32
2026-10-01T05:00+02:00,684.724,101.22676,115.3908,173.03
2026-10-01T05:15+02:00,684.724,101.22676,115.3908,178.75
2026-10-01T05:30+02:00,684.724,101.22676,115.3908,187.08
2026-10-01T05:45+02:00,684.724,101.22676,115.3908,201.12
2026-10-01T06:00+02:00,684.82,104.71076000000001,232.76668,189.29
2026-10-01T06:15+02:00,684.82,104.71076000000001,232.76668,223.96
2026-10-01T06:30+02:00,684.82,104.71076000000001,232.76668,228.86
2026-10-01T06:45+02:00,684.82,104.71076000000001,232.76668,239.2
2026-10-01T07:00+02:00,684.528,105.02274,503.67034,242.12
2026-10-01T07:15+02:00,684.528,105.02274,503.67034,251.96
2026-10-01T07:30+02:00,684.528,105.02274,503.67034,258.04
2026-10-01T07:45+02:00,684.528,105.02274,503.67034,250
2026-10-01T08:00+02:00,683.744,105.60798,506.88460599999996,265.8
2026-10-01T08:15+02:00,683.744,105.60798,506.88460599999996,246.05
2026-10-01T08:30+02:00,683.744,105.60798,506.88460599999996,226.73
2026-10-01T08:45+02:00,683.744,105.60798,506.88460599999996,212.77
2026-10-01T09:00+02:00,684.512,82.37849999999999,575.485107,238.12
2026-10-01T09:15+02:00,684.512,82.37849999999999,575.485107,118.4
2026-10-01T09:30+02:00,684.512,82.37849999999999,575.485107,63.33
2026-10-01T09:45+02:00,684.512,82.37849999999999,575.485107,34.45
2026-10-01T10:00+02:00,682.76,74.00186000000001,742.928054,28.58
2026-10-01T10:15+02:00,682.76,74.00186000000001,742.928054,27.66
2026-10-01T10:30+02:00,682.76,74.00186000000001,742.928054,25.8
2026-10-01T10:45+02:00,682.76,74.00186000000001,742.928054,11.47
2026-10-01T11:00+02:00,681.484,73.90364000000001,922.125403,77.17
2026-10-01T11:15+02:00,681.484,73.90364000000001,922.125403,63.16
2026-10-01T11:30+02:00,681.484,73.90364000000001,922.125403,45.22
2026-10-01T11:45+02:00,681.484,73.90364000000001,922.125403,30.5
2026-10-01T12:00+02:00,680.672,73.56674,965.852978,57.77
2026-10-01T12:15+02:00,680.672,73.56674,965.852978,58.17
2026-10-01T12:30+02:00,680.672,73.56674,965.852978,56.52
2026-10-01T12:45+02:00,680.672,73.56674,965.852978,53.07
2026-10-01T13:00+02:00,680.712,73.70934,968.917654,26.18
2026-10-01T13:15+02:00,680.712,73.70934,968.917654,26.02
2026-10-01T13:30+02:00,680.712,73.70934,968.917654,26.74
2026-10-01T13:45+02:00,680.712,73.70934,968.917654,25.77
2026-10-01T14:00+02:00,680.804,73.6342,927.11508,33.51
2026-10-01T14:15+02:00,680.804,73.6342,927.11508,32.66
2026-10-01T14:30+02:00,680.804,73.6342,927.11508,43
2026-10-01T14:45+02:00,680.804,73.6342,927.11508,48.97
2026-10-01T15:00+02:00,681.076,73.63022000000001,815.805724,82.44
2026-10-01T15:15+02:00,681.076,73.63022000000001,815.805724,107.42
2026-10-01T15:30+02:00,681.076,73.63022000000001,815.805724,137.75
2026-10-01T15:45+02:00,681.076,73.63022000000001,815.805724,170.1
2026-10-01T16:00+02:00,680.452,84.53058,653.881892,149.7
2026-10-01T16:15+02:00,680.452,84.53058,653.881892,166.6
2026-10-01T16:30+02:00,680.452,84.53058,653.881892,196.75
2026-10-01T16:45+02:00,680.452,84.53058,653.881892,243.68
2026-10-01T17:00+02:00,681.592,99.82168,625.106039,179.92
2026-10-01T17:15+02:00,681.592,99.82168,625.106039,224.99
2026-10-01T17:30+02:00,681.592,99.82168,625.106039,250
2026-10-01T17:45+02:00,681.592,99.82168,625.106039,275
2026-10-01T18:00+02:00,681.552,108.51118,566.114424,246.19
2026-10-01T18:15+02:00,681.552,108.51118,566.114424,265.01
2026-10-01T18:30+02:00,681.552,108.51118,566.114424,276.58
2026-10-01T18:45+02:00,681.552,108.51118,566.114424,310.98
2026-10-01T19:00+02:00,683.22,109.42724,587.75492,289.7
2026-10-01T19:15+02:00,683.22,109.42724,587.75492,300.22
2026-10-01T19:30+02:00,683.22,109.42724,587.75492,314.78
2026-10-01T19:45+02:00,683.22,109.42724,587.75492,297.47
2026-10-01T20:00+02:00,682.772,109.00616000000001,571.1407199999999,280
2026-10-01T20:15+02:00,682.772,109.00616000000001,571.1407199999999,268.11
2026-10-01T20:30+02:00,682.772,109.00616000000001,571.1407199999999,251.93
2026-10-01T20:45+02:00,682.772,109.00616000000001,571.1407199999999,230.01
2026-10-01T21:00+02:00,683.196,105.44446,526.02478,250.03
2026-10-01T21:15+02:00,683.196,105.44446,526.02478,229.97
2026-10-01T21:30+02:00,683.196,105.44446,526.02478,220.27
2026-10-01T21:45+02:00,683.196,105.44446,526.02478,203.68
2026-10-01T22:00+02:00,682.796,104.0564,345.91512,221.64
2026-10-01T22:15+02:00,682.796,104.0564,345.91512,207.5
2026-10-01T22:30+02:00,682.796,104.0564,345.91512,203.9
2026-10-01T22:45+02:00,682.796,104.0564,345.91512,186.95
2026-10-01T23:00+02:00,684.64,101.01142,183.04850000000002,201.71
2026-10-01T23:15+02:00,684.64,101.01142,183.04850000000002,190.04
2026-10-01T23:30+02:00,684.64,101.01142,183.04850000000002,182.58
2026-10-01T23:45+02:00,684.64,101.01142,183.04850000000002,171.38
2026-10-02T00:00+02:00,684.132,100.96754,130.32829999999998,185.11
2026-10-02T00:15+02:00,684.132,100.96754,130.32829999999998,194.62
2026-10-02T00:30+02:00,684.132,100.96754,130.32829999999998,178.63
2026-10-02T00:45+02:00,684.132,100.96754,130.32829999999998,171.84
2026-10-02T01:00+02:00,684.548,100.56226,93.94018,172.5
2026-10-02T01:15+02:00,684.548,100.56226,93.94018,174.42
2026-10-02T01:30+02:00,684.548,100.56226,93.94018,175.12
2026-10-02T01:45+02:00,684.548,100.56226,93.94018,167.16
2026-10-02T02:00+02:00,685.232,100.72138,84.16038000000002,170.3
2026-10-02T02:15+02:00,685.232,100.72138,84.16038000000002,164
2026-10-02T02:30+02:00,685.232,100.72138,84.16038000000002,163.62
2026-10-02T02:45+02:00,685.232,100.72138,84.16038000000002,162.8
2026-10-02T03:00+02:00,684.688,100.61028,76.38907999999999,163.45
2026-10-02T03:15+02:00,684.688,100.61028,76.38907999999999,161.63
2026-10-02T03:30+02:00,684.688,100.61028,76.38907999999999,166.58
2026-10-02T03:45+02:00,684.688,100.61028,76.38907999999999,162.22
2026-10-02T04:00+02:00,685.212,100.15532,75.841,162.92
2026-10-02T04:15+02:00,685.212,100.15532,75.841,167.77
2026-10-02T04:30+02:00,685.212,100.15532,75.841,165.36
2026-10-02T04:45+02:00,685.212,100.15532,75.841,169.51
2026-10-02T05:00+02:00,685.824,101.02313999999998,85.1121,163.55
2026-10-02T05:15+02:00,685.824,101.02313999999998,85.1121,170.49
2026-10-02T05:30+02:00,685.824,101.02313999999998,85.1121,184.95
2026-10-02T05:45+02:00,685.824,101.02313999999998,85.1121,192.61
2026-10-02T06:00+02:00,685.576,101.36064,327.1734,195.55
2026-10-02T06:15+02:00,685.576,101.36064,327.1734,216.11
2026-10-02T06:30+02:00,685.576,101.36064,327.1734,231.27
2026-10-02T06:45+02:00,685.576,101.36064,327.1734,243.06
2026-10-02T07:00+02:00,685.404,105.56993999999999,565.457023,246.83
2026-10-02T07:15+02:00,685.404,105.56993999999999,565.457023,258.46
2026-10-02T07:30+02:00,685.404,105.56993999999999,565.457023,261.71
2026-10-02T07:45+02:00,685.404,105.56993999999999,565.457023,261.79
2026-10-02T08:00+02:00,684.452,107.17806,676.94643,288.93
2026-10-02T08:15+02:00,684.452,107.17806,676.94643,262.52
2026-10-02T08:30+02:00,684.452,107.17806,676.94643,244.91
2026-10-02T08:45+02:00,684.452,107.17806,676.94643,175.57
2026-10-02T09:00+02:00,684.596,83.30692,689.6204339999999,244.82
2026-10-02T09:15+02:00,684.596,83.30692,689.6204339999999,191.37
2026-10-02T09:30+02:00,684.596,83.30692,689.6204339999999,165.1
2026-10-02T09:45+02:00,684.596,83.30692,689.6204339999999,120.32
2026-10-02T10:00+02:00,683.972,75.23871999999999,748.1703,151.01
2026-10-02T10:15+02:00,683.972,75.23871999999999,748.1703,132.34
2026-10-02T10:30+02:00,683.972,75.23871999999999,748.1703,129.06
2026-10-02T10:45+02:00,683.972,75.23871999999999,748.1703,109.12
2026-10-02T11:00+02:00,683.232,74.65648,818.182084,139.92
2026-10-02T11:15+02:00,683.232,74.65648,818.182084,131.18
2026-10-02T11:30+02:00,683.232,74.65648,818.182084,124.1
2026-10-02T11:45+02:00,683.232,74.65648,818.182084,81.26
2026-10-02T12:00+02:00,682.376,74.31844,888.704549,107.25
2026-10-02T12:15+02:00,682.376,74.31844,888.704549,103.27
2026-10-02T12:30+02:00,682.376,74.31844,888.704549,100.28
2026-10-02T12:45+02:00,682.376,74.31844,888.704549,100.6
2026-10-02T13:00+02:00,682.252,73.66992,892.178264,84.11
2026-10-02T13:15+02:00,682.252,73.66992,892.178264,94.91
2026-10-02T13:30+02:00,682.252,73.66992,892.178264,100.71
2026-10-02T13:45+02:00,682.252,73.66992,892.178264,98
2026-10-02T14:00+02:00,681.084,73.63709999999999,843.2143590000001,78.24
2026-10-02T14:15+02:00,681.084,73.63709999999999,843.2143590000001,94.09
2026-10-02T14:30+02:00,681.084,73.63709999999999,843.2143590000001,112.52
2026-10-02T14:45+02:00,681.084,73.63709999999999,843.2143590000001,114.32
2026-10-02T15:00+02:00,681.444,73.21536,718.279838,119.37
2026-10-02T15:15+02:00,681.444,73.21536,718.279838,131.71
2026-10-02T15:30+02:00,681.444,73.21536,718.279838,156.12
2026-10-02T15:45+02:00,681.444,73.21536,718.279838,162.26
2026-10-02T16:00+02:00,682.328,84.82596000000001,545.830261,159.07
2026-10-02T16:15+02:00,682.328,84.82596000000001,545.830261,165.36
2026-10-02T16:30+02:00,682.328,84.82596000000001,545.830261,190.28
2026-10-02T16:45+02:00,682.328,84.82596000000001,545.830261,234.9
2026-10-02T17:00+02:00,682.752,96.01522,553.9213550000001,180.73
2026-10-02T17:15+02:00,682.752,96.01522,553.9213550000001,221.46
2026-10-02T17:30+02:00,682.752,96.01522,553.9213550000001,243.75
2026-10-02T17:45+02:00,682.752,96.01522,553.9213550000001,264.85
2026-10-02T18:00+02:00,681.648,107.98718,572.22302,239.98
2026-10-02T18:15+02:00,681.648,107.98718,572.22302,250.44
2026-10-02T18:30+02:00,681.648,107.98718,572.22302,275.94
2026-10-02T18:45+02:00,681.648,107.98718,572.22302,298.51
2026-10-02T19:00+02:00,682.12,109.08422000000002,593.90154,315.88
2026-10-02T19:15+02:00,682.12,109.08422000000002,593.90154,320.69
2026-10-02T19:30+02:00,682.12,109.08422000000002,593.90154,315.28
2026-10-02T19:45+02:00,682.12,109.08422000000002,593.90154,307.27
2026-10-02T20:00+02:00,682.516,111.55852,587.38636,282.7
2026-10-02T20:15+02:00,682.516,111.55852,587.38636,279.83
2026-10-02T20:30+02:00,682.516,111.55852,587.38636,261.82
2026-10-02T20:45+02:00,682.516,111.55852,587.38636,248.08
2026-10-02T21:00+02:00,683.192,106.17944,507.59092000000004,244.78
2026-10-02T21:15+02:00,683.192,106.17944,507.59092000000004,238.14
2026-10-02T21:30+02:00,683.192,106.17944,507.59092000000004,224.99
2026-10-02T21:45+02:00,683.192,106.17944,507.59092000000004,211.92
2026-10-02T22:00+02:00,682.948,104.3472,447.77356,220.23
2026-10-02T22:15+02:00,682.948,104.3472,447.77356,215
2026-10-02T22:30+02:00,682.948,104.3472,447.77356,209.39
2026-10-02T22:45+02:00,682.948,104.3472,447.77356,201.39
2026-10-02T23:00+02:00,683.688,101.21766,279.89146,201.62
2026-10-02T23:15+02:00,683.688,101.21766,279.89146,197.52
2026-10-02T23:30+02:00,683.688,101.21766,279.89146,194.55
2026-10-02T23:45+02:00,683.688,101.21766,279.89146,185.1
2026-10-03T00:00+02:00,684.284,102.20045999999999,169.37362,204.51
2026-10-03T00:15+02:00,684.284,102.20045999999999,169.37362,200.2
2026-10-03T00:30+02:00,684.284,102.20045999999999,169.37362,190.14
2026-10-03T00:45+02:00,684.284,102.20045999999999,169.37362,182.42
2026-10-03T01:00+02:00,684.344,102.22886,170.00626000000003,187.61
2026-10-03T01:15+02:00,684.344,102.22886,170.00626000000003,180.52
2026-10-03T01:30+02:00,684.344,102.22886,170.00626000000003,175.06
2026-10-03T01:45+02:00,684.344,102.22886,170.00626000000003,173.15
2026-10-03T02:00+02:00,685.144,101.54108,164.53456,176.96
2026-10-03T02:15+02:00,685.144,101.54108,164.53456,174.99
2026-10-03T02:30+02:00,685.144,101.54108,164.53456,172.6
2026-10-03T02:45+02:00,685.144,101.54108,164.53456,169.5
2026-10-03T03:00+02:00,685.448,101.53878,94.08662,173.4
2026-10-03T03:15+02:00,685.448,101.53878,94.08662,169.4
2026-10-03T03:30+02:00,685.448,101.53878,94.08662,166.63
2026-10-03T03:45+02:00,685.448,101.53878,94.08662,167
2026-10-03T04:00+02:00,685.32,101.60038,89.02965999999999,166.04
2026-10-03T04:15+02:00,685.32,101.60038,89.02965999999999,166.31
2026-10-03T04:30+02:00,685.32,101.60038,89.02965999999999,166.24
2026-10-03T04:45+02:00,685.32,101.60038,89.02965999999999,165.7
2026-10-03T05:00+02:00,685.344,103.78654,87.55806000000001,169.43
2026-10-03T05:15+02:00,685.344,103.78654,87.55806000000001,168.46
2026-10-03T05:30+02:00,685.344,103.78654,87.55806000000001,169.8
2026-10-03T05:45+02:00,685.344,103.78654,87.55806000000001,171.9
2026-10-03T06:00+02:00,685.576,110.27485999999999,156.68742,175.81
2026-10-03T06:15+02:00,685.576,110.27485999999999,156.68742,186.9
2026-10-03T06:30+02:00,685.576,110.27485999999999,156.68742,190.61
2026-10-03T06:45+02:00,685.576,110.27485999999999,156.68742,190.83
2026-10-03T07:00+02:00,686.36,111.83005999999999,185.25937999999996,212.31
2026-10-03T07:15+02:00,686.36,111.83005999999999,185.25937999999996,212.98
2026-10-03T07:30+02:00,686.36,111.83005999999999,185.25937999999996,200.45
2026-10-03T07:45+02:00,686.36,111.83005999999999,185.25937999999996,200.64
2026-10-03T08:00+02:00,686.104,112.54622,276.051963,202.94
2026-10-03T08:15+02:00,686.104,112.54622,276.051963,198.06
2026-10-03T08:30+02:00,686.104,112.54622,276.051963,187.82
2026-10-03T08:45+02:00,686.104,112.54622,276.051963,167.72
2026-10-03T09:00+02:00,685.58,85.71965999999999,497.745408,199.29
2026-10-03T09:15+02:00,685.58,85.71965999999999,497.745408,180.64
2026-10-03T09:30+02:00,685.58,85.71965999999999,497.745408,106.16
2026-10-03T09:45+02:00,685.58,85.71965999999999,497.745408,108.74
2026-10-03T10:00+02:00,684.4,76.86222,715.513915,85.66
2026-10-03T10:15+02:00,684.4,76.86222,715.513915,62.22
2026-10-03T10:30+02:00,684.4,76.86222,715.513915,47
2026-10-03T10:45+02:00,684.4,76.86222,715.513915,30.07
2026-10-03T11:00+02:00,683.4,76.86818,881.326993,38.04
2026-10-03T11:15+02:00,683.4,76.86818,881.326993,25.47
2026-10-03T11:30+02:00,683.4,76.86818,881.326993,20.37
2026-10-03T11:45+02:00,683.4,76.86818,881.326993,15.13
2026-10-03T12:00+02:00,683.668,77.41806,959.807077,27.41
2026-10-03T12:15+02:00,683.668,77.41806,959.807077,14.56
2026-10-03T12:30+02:00,683.668,77.41806,959.807077,13.61
2026-10-03T12:45+02:00,683.668,77.41806,959.807077,11.58
2026-10-03T13:00+02:00,682.812,76.36713999999999,972.109542,10.87
2026-10-03T13:15+02:00,682.812,76.36713999999999,972.109542,11.03
2026-10-03T13:30+02:00,682.812,76.36713999999999,972.109542,11.21
2026-10-03T13:45+02:00,682.812,76.36713999999999,972.109542,12.03
2026-10-03T14:00+02:00,681.8,75.82758,910.062227,11.04
2026-10-03T14:15+02:00,681.8,75.82758,910.062227,13.88
2026-10-03T14:30+02:00,681.8,75.82758,910.062227,18.92
2026-10-03T14:45+02:00,681.8,75.82758,910.062227,48.53
2026-10-03T15:00+02:00,682.244,74.83978,788.8612109999999,71.34
2026-10-03T15:15+02:00,682.244,74.83978,788.8612109999999,105.2
2026-10-03T15:30+02:00,682.244,74.83978,788.8612109999999,118.82
2026-10-03T15:45+02:00,682.244,74.83978,788.8612109999999,134.63
2026-10-03T16:00+02:00,682.804,84.0727,615.1141719999999,121.56
2026-10-03T16:15+02:00,682.804,84.0727,615.1141719999999,145
2026-10-03T16:30+02:00,682.804,84.0727,615.1141719999999,162.69
2026-10-03T16:45+02:00,682.804,84.0727,615.1141719999999,200.02
2026-10-03T17:00+02:00,682.208,96.58108,507.83842300000003,175.69
2026-10-03T17:15+02:00,682.208,96.58108,507.83842300000003,188.49
2026-10-03T17:30+02:00,682.208,96.58108,507.83842300000003,206.27
2026-10-03T17:45+02:00,682.208,96.58108,507.83842300000003,226.3
2026-10-03T18:00+02:00,681.404,109.96807999999999,509.42557800000003,216.49
2026-10-03T18:15+02:00,681.404,109.96807999999999,509.42557800000003,221.69
2026-10-03T18:30+02:00,681.404,109.96807999999999,509.42557800000003,229.46
2026-10-03T18:45+02:00,681.404,109.96807999999999,509.42557800000003,243.06
2026-10-03T19:00+02:00,682.872,110.36518000000001,553.2299800000001,236.13
2026-10-03T19:15+02:00,682.872,110.36518000000001,553.2299800000001,240.45
2026-10-03T19:30+02:00,682.872,110.36518000000001,553.2299800000001,238.7
2026-10-03T19:45+02:00,682.872,110.36518000000001,553.2299800000001,233.15
2026-10-03T20:00+02:00,683.408,109.18332,570.33004,230
2026-10-03T20:15+02:00,683.408,109.18332,570.33004,231.37
2026-10-03T20:30+02:00,683.408,109.18332,570.33004,231.31
2026-10-03T20:45+02:00,683.408,109.18332,570.33004,218.58
2026-10-03T21:00+02:00,683.736,102.83414,496.10834000000006,221.81
2026-10-03T21:15+02:00,683.736,102.83414,496.10834000000006,216.2
2026-10-03T21:30+02:00,683.736,102.83414,496.10834000000006,214.02
2026-10-03T21:45+02:00,683.736,102.83414,496.10834000000006,208.71
2026-10-03T22:00+02:00,683.64,100.73826,447.81246,214.78
2026-10-03T22:15+02:00,683.64,100.73826,447.81246,210
2026-10-03T22:30+02:00,683.64,100.73826,447.81246,206.41
2026-10-03T22:45+02:00,683.64,100.73826,447.81246,205.5
2026-10-03T23:00+02:00,683.668,100.5034,274.45276,204.8
2026-10-03T23:15+02:00,683.668,100.5034,274.45276,198.77
2026-10-03T23:30+02:00,683.668,100.5034,274.45276,192.85
2026-10-03T23:45+02:00,683.668,100.5034,274.45276,184.86
2026-10-04T00:00+02:00,684.08,91.138863,269.663158,225.07
2026-10-04T00:15+02:00,684.08,91.138863,269.663158,219.46
2026-10-04T00:30+02:00,684.08,91.138863,269.663158,200.48
2026-10-04T00:45+02:00,684.08,91.138863,269.663158,196.23
2026-10-04T01:00+02:00,684.92,90.69954800000001,153.51112799999999,200.79
2026-10-04T01:15+02:00,684.92,90.69954800000001,153.51112799999999,198.81
2026-10-04T01:30+02:00,684.92,90.69954800000001,153.51112799999999,197.45
2026-10-04T01:45+02:00,684.92,90.69954800000001,153.51112799999999,190.64
2026-10-04T02:00+02:00,685.188,89.78598149999999,93.4954765,192.54
2026-10-04T02:15+02:00,685.188,89.78598149999999,93.4954765,180.23
2026-10-04T02:30+02:00,685.188,89.78598149999999,93.4954765,180.1
2026-10-04T02:45+02:00,685.188,89.78598149999999,93.4954765,182.15
2026-10-04T03:00+02:00,685.164,90.031227,85.29883799999999,183.09
2026-10-04T03:15+02:00,685.164,90.031227,85.29883799999999,181.44
2026-10-04T03:30+02:00,685.164,90.031227,85.29883799999999,183.09
2026-10-04T03:45+02:00,685.164,90.031227,85.29883799999999,180.77
2026-10-04T04:00+02:00,685.536,90.027148,89.12804399999999,179.5
2026-10-04T04:15+02:00,685.536,90.027148,89.12804399999999,179.69
2026-10-04T04:30+02:00,685.536,90.027148,89.12804399999999,183.09
2026-10-04T04:45+02:00,685.536,90.027148,89.12804399999999,187.41
2026-10-04T05:00+02:00,686.172,93.445232,130.929351,187.56
2026-10-04T05:15+02:00,686.172,93.445232,130.929351,194.3
2026-10-04T05:30+02:00,686.172,93.445232,130.929351,196.3
2026-10-04T05:45+02:00,686.172,93.445232,130.929351,199.3
2026-10-04T06:00+02:00,685.668,97.862848,247.980576,196.66
2026-10-04T06:15+02:00,685.668,97.862848,247.980576,198.4
2026-10-04T06:30+02:00,685.668,97.862848,247.980576,200.2
2026-10-04T06:45+02:00,685.668,97.862848,247.980576,202.77
2026-10-04T07:00+02:00,686.12,97.7361045,334.4330565,222.38
2026-10-04T07:15+02:00,686.12,97.7361045,334.4330565,213.37
2026-10-04T07:30+02:00,686.12,97.7361045,334.4330565,201.2
2026-10-04T07:45+02:00,686.12,97.7361045,334.4330565,190.55
2026-10-04T08:00+02:00,686.016,97.788439,272.792085,200.74
2026-10-04T08:15+02:00,686.016,97.788439,272.792085,192.58
2026-10-04T08:30+02:00,686.016,97.788439,272.792085,187.44
2026-10-04T08:45+02:00,686.016,97.788439,272.792085,166
2026-10-04T09:00+02:00,685.144,80.4519115,509.9947785,150.72
2026-10-04T09:15+02:00,685.144,80.4519115,509.9947785,80.74
2026-10-04T09:30+02:00,685.144,80.4519115,509.9947785,81.62
2026-10-04T09:45+02:00,685.144,80.4519115,509.9947785,53.47
2026-10-04T10:00+02:00,684.356,70.72323250000001,725.2674025,80.84
2026-10-04T10:15+02:00,684.356,70.72323250000001,725.2674025,100.91
2026-10-04T10:30+02:00,684.356,70.72323250000001,725.2674025,81.33
2026-10-04T10:45+02:00,684.356,70.72323250000001,725.2674025,59.17
2026-10-04T11:00+02:00,683.516,68.53792250000001,883.7938604999999,60.23
2026-10-04T11:15+02:00,683.516,68.53792250000001,883.7938604999999,47.65
2026-10-04T11:30+02:00,683.516,68.53792250000001,883.7938604999999,55.03
2026-10-04T11:45+02:00,683.516,68.53792250000001,883.7938604999999,28.8
2026-10-04T12:00+02:00,683.352,68.52529299999999,942.5254819999999,32.35
2026-10-04T12:15+02:00,683.352,68.52529299999999,942.5254819999999,22.24
2026-10-04T12:30+02:00,683.352,68.52529299999999,942.5254819999999,19.68
2026-10-04T12:45+02:00,683.352,68.52529299999999,942.5254819999999,15.82
2026-10-04T13:00+02:00,683.328,68.3002025,951.4811365,14.63
2026-10-04T13:15+02:00,683.328,68.3002025,951.4811365,12.99
2026-10-04T13:30+02:00,683.328,68.3002025,951.4811365,17.36
2026-10-04T13:45+02:00,683.328,68.3002025,951.4811365,19.83
2026-10-04T14:00+02:00,682.508,68.125651,897.5117220000001,22.65
2026-10-04T14:15+02:00,682.508,68.125651,897.5117220000001,27.73
2026-10-04T14:30+02:00,682.508,68.125651,897.5117220000001,54.06
2026-10-04T14:45+02:00,682.508,68.125651,897.5117220000001,63.48
2026-10-04T15:00+02:00,681.692,68.7202475,780.5517565,65.84
2026-10-04T15:15+02:00,681.692,68.7202475,780.5517565,85.2
2026-10-04T15:30+02:00,681.692,68.7202475,780.5517565,96.46
2026-10-04T15:45+02:00,681.692,68.7202475,780.5517565,112.5
2026-10-04T16:00+02:00,682.756,77.974515,575.462531,109.5
2026-10-04T16:15+02:00,682.756,77.974515,575.462531,136.97
2026-10-04T16:30+02:00,682.756,77.974515,575.462531,161.25
2026-10-04T16:45+02:00,682.756,77.974515,575.462531,193.52
2026-10-04T17:00+02:00,681.676,92.3991385,384.6208105,164.69
2026-10-04T17:15+02:00,681.676,92.3991385,384.6208105,208.07
2026-10-04T17:30+02:00,681.676,92.3991385,384.6208105,223.93
2026-10-04T17:45+02:00,681.676,92.3991385,384.6208105,229.38
2026-10-04T18:00+02:00,681.356,98.3001385,381.0548695,216.26
2026-10-04T18:15+02:00,681.356,98.3001385,381.0548695,231.54
2026-10-04T18:30+02:00,681.356,98.3001385,381.0548695,232.91
2026-10-04T18:45+02:00,681.356,98.3001385,381.0548695,234.97
2026-10-04T19:00+02:00,682.004,102.346789,977.6690760000001,233.36
2026-10-04T19:15+02:00,682.004,102.346789,977.6690760000001,241.3
2026-10-04T19:30+02:00,682.004,102.346789,977.6690760000001,246.63
2026-10-04T19:45+02:00,682.004,102.346789,977.6690760000001,237.19
2026-10-04T20:00+02:00,682.992,102.10720950000001,532.2539675,234.5
2026-10-04T20:15+02:00,682.992,102.10720950000001,532.2539675,237.12
2026-10-04T20:30+02:00,682.992,102.10720950000001,532.2539675,228.22
2026-10-04T20:45+02:00,682.992,102.10720950000001,532.2539675,220.99
2026-10-04T21:00+02:00,684.104,102.3857635,523.5293575000001,230.86
2026-10-04T21:15+02:00,684.104,102.3857635,523.5293575000001,220.88
2026-10-04T21:30+02:00,684.104,102.3857635,523.5293575000001,213.99
2026-10-04T21:45+02:00,684.104,102.3857635,523.5293575000001,213.63
2026-10-04T22:00+02:00,683.488,94.71915200000001,415.569832,221.13
2026-10-04T22:15+02:00,683.488,94.71915200000001,415.569832,214.92
2026-10-04T22:30+02:00,683.488,94.71915200000001,415.569832,213.99
2026-10-04T22:45+02:00,683.488,94.71915200000001,415.569832,205.68
2026-10-04T23:00+02:00,682.872,93.9069885,271.8354995,213.63
2026-10-04T23:15+02:00,682.872,93.9069885,271.8354995,199.19
2026-10-04T23:30+02:00,682.872,93.9069885,271.8354995,190.57
2026-10-04T23:45+02:00,682.872,93.9069885,271.8354995,192
2026-10-05T00:00+02:00,684.172,96.3512755,166.2563015,218.31
2026-10-05T00:15+02:00,684.172,96.3512755,166.2563015,196.58
2026-10-05T00:30+02:00,684.172,96.3512755,166.2563015,185.1
2026-10-05T00:45+02:00,684.172,96.3512755,166.2563015,178.92
2026-10-05T01:00+02:00,684.792,95.9925585,155.1666915,176.43
2026-10-05T01:15+02:00,684.792,95.9925585,155.1666915,172
2026-10-05T01:30+02:00,684.792,95.9925585,155.1666915,176.65
2026-10-05T01:45+02:00,684.792,95.9925585,155.1666915,194.11
2026-10-05T02:00+02:00,684.856,96.7365035,121.59983050000001,180.19
2026-10-05T02:15+02:00,684.856,96.7365035,121.59983050000001,200.18
2026-10-05T02:30+02:00,684.856,96.7365035,121.59983050000001,205.79
2026-10-05T02:45+02:00,684.856,96.7365035,121.59983050000001,208.01
2026-10-05T03:00+02:00,684.496,95.936908,109.06082,199.11
2026-10-05T03:15+02:00,684.496,95.936908,109.06082,196.47
2026-10-05T03:30+02:00,684.496,95.936908,109.06082,197.89
2026-10-05T03:45+02:00,684.496,95.936908,109.06082,198.79
2026-10-05T04:00+02:00,684.556,96.551607,104.472818,203.42
2026-10-05T04:15+02:00,684.556,96.551607,104.472818,182.53
2026-10-05T04:30+02:00,684.556,96.551607,104.472818,201.16
2026-10-05T04:45+02:00,684.556,96.551607,104.472818,212.42
2026-10-05T05:00+02:00,685.844,91.953375,147.882715,185.98
2026-10-05T05:15+02:00,685.844,91.953375,147.882715,211.96
2026-10-05T05:30+02:00,685.844,91.953375,147.882715,241.32
2026-10-05T05:45+02:00,685.844,91.953375,147.882715,269.62
2026-10-05T06:00+02:00,685.8,104.80499999999999,445.045,253.86
2026-10-05T06:15+02:00,685.8,104.80499999999999,445.045,278.55
2026-10-05T06:30+02:00,685.8,104.80499999999999,445.045,296.82
2026-10-05T06:45+02:00,685.8,104.80499999999999,445.045,319.97
2026-10-05T07:00+02:00,,,,332.26
2026-10-05T07:15+02:00,,,,324.28
2026-10-05T07:30+02:00,,,,267.44
2026-10-05T07:45+02:00,,,,255.85
2026-10-05T08:00+02:00,,,,273.34
2026-10-05T08:15+02:00,,,,248.13
2026-10-05T08:30+02:00,,,,232.43
2026-10-05T08:45+02:00,,,,218.28
2026-10-05T09:00+02:00,,,,236.6
2026-10-05T09:15+02:00,,,,221.84
2026-10-05T09:30+02:00,,,,197.7
2026-10-05T09:45+02:00,,,,175.8
2026-10-05T10:00+02:00,,,,194.76
2026-10-05T10:15+02:00,,,,187.32
2026-10-05T10:30+02:00,,,,178.95
2026-10-05T10:45+02:00,,,,118.99
2026-10-05T11:00+02:00,,,,194.1
2026-10-05T11:15+02:00,,,,183.77
2026-10-05T11:30+02:00,,,,159.74
2026-10-05T11:45+02:00,,,,142.4
2026-10-05T12:00+02:00,,,,95.49
2026-10-05T12:15+02:00,,,,104.32
2026-10-05T12:30+02:00,,,,84.63
2026-10-05T12:45+02:00,,,,51.94
2026-10-05T13:00+02:00,,,,165.93
2026-10-05T13:15+02:00,,,,161
2026-10-05T13:30+02:00,,,,154.01
2026-10-05T13:45+02:00,,,,158.1
2026-10-05T14:00+02:00,,,,74.71
2026-10-05T14:15+02:00,,,,98.68
2026-10-05T14:30+02:00,,,,99.39
2026-10-05T14:45+02:00,,,,110.28
2026-10-05T15:00+02:00,,,,106.98
2026-10-05T15:15+02:00,,,,153.53
2026-10-05T15:30+02:00,,,,148.87
2026-10-05T15:45+02:00,,,,177.83
2026-10-05T16:00+02:00,,,,145.76
2026-10-05T16:15+02:00,,,,200.76
2026-10-05T16:30+02:00,,,,239.14
2026-10-05T16:45+02:00,,,,295.27
2026-10-05T17:00+02:00,,,,227.3
2026-10-05T17:15+02:00,,,,309.87
2026-10-05T17:30+02:00,,,,330.69
2026-10-05T17:45+02:00,,,,367.09
2026-10-05T18:00+02:00,,,,337.15
2026-10-05T18:15+02:00,,,,341.62
2026-10-05T18:30+02:00,,,,283.25
2026-10-05T18:45+02:00,,,,325.57
2026-10-05T19:00+02:00,,,,294.47
2026-10-05T19:15+02:00,,,,308.31
2026-10-05T19:30+02:00,,,,309.94
2026-10-05T19:45+02:00,,,,301
2026-10-05T20:00+02:00,,,,302.8
2026-10-05T20:15+02:00,,,,336.35
2026-10-05T20:30+02:00,,,,293.11
2026-10-05T20:45+02:00,,,,275.05
2026-10-05T21:00+02:00,,,,309.35
2026-10-05T21:15+02:00,,,,276.23
2026-10-05T21:30+02:00,,,,254.76
2026-10-05T21:45+02:00,,,,236.08
2026-10-05T22:00+02:00,,,,240.27
2026-10-05T22:15+02:00,,,,229.67
2026-10-05T22:30+02:00,,,,225.3
2026-10-05T22:45+02:00,,,,216.43
2026-10-05T23:00+02:00,,,,231.1
2026-10-05T23:15+02:00,,,,212.58
2026-10-05T23:30+02:00,,,,207.87
2026-10-05T23:45+02:00,,,,204.42